,Type,Genotype,Line,PTC2
lane1-s001-index-GTTCGGTGTCCA-RR3H1,Hemolymph,RR,RR3,Fixed
lane1-s002-index-CTACCGATTGCG-RR3H2,Hemolymph,RR,RR3,Fixed
lane1-s003-index-GAGAGTCCACTT-RR3H3,Hemolymph,RR,RR3,Fixed
lane1-s004-index-CTAACCTCATAT-RR3H4,Hemolymph,RR,RR3,Fixed
lane1-s005-index-AGCTTCGACAGT-RS1H1,Hemolymph,RR,RS1,Fixed
lane1-s006-index-TGGCCGTTACTG-RS1H2,Hemolymph,RR,RS1,Fixed
lane1-s007-index-AAGATCGTACTG-RS1H3,Hemolymph,RR,RS1,Fixed
lane1-s008-index-ATTTGAAGAGGT-RS1H4,Hemolymph,RR,RS1,Fixed
lane1-s009-index-GTCAATTAGTGG-RR1H1,Hemolymph,RR,RR1,Fixed
lane1-s010-index-GCAAGAATACAT-RR1H2,Hemolymph,RR,RR1,Fixed
lane1-s011-index-ATTTGCTTTGCC-RR1H3,Hemolymph,RR,RR1,Fixed
lane1-s012-index-CTTCGGAGGGAG-RR1H4,Hemolymph,RR,RR1,Fixed
lane1-s013-index-TAAGAAACGTCA-RR6H1,Hemolymph,RR,RR6,Fixed
lane1-s014-index-TTGCGACAAAGT-RR6H2,Hemolymph,RR,RR6,Fixed
lane1-s015-index-AGGAACCAGACG-RR6H3,Hemolymph,RR,RR6,Fixed
lane1-s016-index-CGTGGTGGGAAC-RR6H4,Hemolymph,RR,RR6,Fixed
lane1-s017-index-GTCATTGGGCTA-RS11H1,Hemolymph,RR,RS11,Fixed
lane1-s018-index-AGCCCGCAAAGG-RS11H2,Hemolymph,RR,RS11,Fixed
lane1-s019-index-GAGCGCCGAACA-RS11H3,Hemolymph,RR,RS11,Fixed
lane1-s020-index-CAGGGTAGGGTA-RS11H4,Hemolymph,RR,RS11,Fixed
lane1-s021-index-GTAAATTCAGGC-RS11DH1,Hemolymph,RR,RS11D,Fixed
lane1-s022-index-ACCCGGATTTCG-RS11DH2,Hemolymph,RR,RS11D,Fixed
lane1-s023-index-GTGACCCTGTCA-RS11DH3,Hemolymph,RR,RS11D,Fixed
lane1-s024-index-AGCAACATTGCA-RS11DH4,Hemolymph,RR,RS11D,Fixed
lane1-s025-index-CAGTGTCATGAA-RS7H1,Hemolymph,RR,RS7,Fixed
lane1-s026-index-GTTGACCATCGC-RS7H2,Hemolymph,RR,RS7,Fixed
lane1-s027-index-AGACACCAATGT-RS7H3,Hemolymph,RR,RS7,Fixed
lane1-s028-index-CGCAGATTAGTA-RS7H4,Hemolymph,RR,RS7,Fixed
lane1-s029-index-TCCTAGGTCCGA-6RRH1,Hemolymph,RR,6RR,Fixed
lane1-s030-index-GGCCTATAAGTC-6RRH2,Hemolymph,RR,6RR,Fixed
lane1-s031-index-CTAGTCGCTGGT-6RRH3,Hemolymph,RR,6RR,Fixed
lane1-s032-index-AATATCGGGATC-6RRH4,Hemolymph,RR,6RR,Fixed
lane1-s033-index-GAGAATGGAAAG-RS3H1,Hemolymph,SS,RS3,Fixed
lane1-s034-index-GCTTCATTTCTG-RS3H2,Hemolymph,SS,RS3,Fixed
lane1-s035-index-CCAGATATAGCA-RS3H3,Hemolymph,SS,RS3,Fixed
lane1-s036-index-CTCATATGCTAT-RS3H4,Hemolymph,SS,RS3,Fixed
lane1-s037-index-CTCTTCTGATCA-SS3H1,Hemolymph,SS,SS3,Fixed
lane1-s038-index-CGCGGCGCAGCT-SS3H2,Hemolymph,SS,SS3,Fixed
lane1-s039-index-ATGGATAGCTAA-SS3H3,Hemolymph,SS,SS3,Fixed
lane1-s040-index-GCGATGGCGATG-SS3H4,Hemolymph,SS,SS3,Fixed
lane1-s041-index-TAGGAGAGACAG-16SSH1,Hemolymph,SS,16SS,Fixed
lane1-s042-index-CAGTAGCGATAT-16SSH2,Hemolymph,SS,16SS,Fixed
lane1-s043-index-CCACTCTCTCTA-16SSH3,Hemolymph,SS,16SS,Fixed
lane1-s044-index-TATCGTTATCGT-16SSH4,Hemolymph,SS,16SS,Fixed
lane1-s045-index-ATGTATCAATTA-SS5H1,Hemolymph,SS,SS5,Fixed
lane1-s046-index-CAAATGGTCGTC-SS5H2,Hemolymph,SS,SS5,Fixed
lane1-s047-index-ACACGCGGTTTA-SS5H3,Hemolymph,SS,SS5,Fixed
lane1-s048-index-AAGCCGGGTCCG-SS5H4,Hemolymph,SS,SS5,Fixed
lane1-s049-index-AGGACGCCAGCA-SS4H1,Hemolymph,SS,SS4,Fixed
lane1-s050-index-TTGGAACGGCTT-SS4H2,Hemolymph,SS,SS4,Fixed
lane1-s051-index-TGTTGCGTTTCT-SS4H3,Hemolymph,SS,SS4,Fixed
lane1-s052-index-TTATACGTTGTA-SS4H4,Hemolymph,SS,SS4,Fixed
lane1-s053-index-GGTGTGAGAAAG-SS1H1,Hemolymph,SS,SS1,Fixed
lane1-s054-index-GCCAAGGATAGG-SS1H2,Hemolymph,SS,SS1,Fixed
lane1-s055-index-GAACAAAGAGCG-SS1H3,Hemolymph,SS,SS1,Fixed
lane1-s056-index-CGCTGGCTTTAG-SS1H4,Hemolymph,SS,SS1,Fixed
lane1-s057-index-CAGCTGGTTCAA-SS12H1,Hemolymph,SS,SS12,Fixed
lane1-s058-index-CTTGAGAAATCG-SS12H2,Hemolymph,SS,SS12,Fixed
lane1-s059-index-CGAGGGAAAGTC-SS12H3,Hemolymph,SS,SS12,Fixed
lane1-s060-index-GAATGCGTATAA-SS12H4,Hemolymph,SS,SS12,Fixed
lane1-s061-index-TACCTGTGTCTT-20SSH1,Hemolymph,SS,20SS,Fixed
lane1-s062-index-GCTATATCCAGG-20SSH2,Hemolymph,SS,20SS,Fixed
lane1-s063-index-CATGATTAAGAG-20SSH3,Hemolymph,SS,20SS,Fixed
lane1-s064-index-ACCTATGGTGAA-20SSH4,Hemolymph,SS,20SS,Fixed
lane1-s065-index-AATCTAACAATT-SS6H1,Hemolymph,SS,SS6,Segregating
lane1-s066-index-GTTCCATCGGCC-SS6H2,Hemolymph,SS,SS6,Segregating
lane1-s067-index-TGACGAGGGCTG-SS6H3,Hemolymph,SS,SS6,Segregating
lane1-s068-index-ATAGACACTCCG-SS6H4,Hemolymph,SS,SS6,Segregating
lane1-s069-index-ACGGCCCTGGAG-2SSH1,Hemolymph,SS,2SS,Fixed
lane1-s070-index-CACAATACACCG-2SSH2,Hemolymph,SS,2SS,Fixed
lane1-s071-index-TGAAAGCGGCGA-2SSH3,Hemolymph,SS,2SS,Fixed
lane1-s072-index-AGCACCGGTCTT-2SSH4,Hemolymph,SS,2SS,Fixed
lane1-s073-index-ACGCCGAGGTAG-SS11H1,Hemolymph,SS,SS11,Fixed
lane1-s074-index-CTCACGCAATGC-SS11H2,Hemolymph,SS,SS11,Fixed
lane1-s075-index-ATCGTTATATCA-SS11H3,Hemolymph,SS,SS11,Fixed
lane1-s076-index-TACTTAAACATC-SS11H4,Hemolymph,SS,SS11,Fixed
lane1-s077-index-GTGCGAGGACAA-11SSH1,Hemolymph,SS,11SS,Fixed
lane1-s078-index-CTTTGATAATAA-11SSH2,Hemolymph,SS,11SS,Fixed
lane1-s079-index-CATAAATTCTTG-11SSH3,Hemolymph,SS,11SS,Fixed
lane1-s080-index-CTGTAAAGGTTG-11SSH4,Hemolymph,SS,11SS,Fixed
lane1-s081-index-GGCAGTGTTAAT-RRH1,Hemolymph,RR,15RS,Segregating
lane1-s082-index-TAGACCGACTCC-RSH1,Hemolymph,RS,15RS,Segregating
lane1-s083-index-TGGAATTCGGCT-RRH2,Hemolymph,RR,15RS,Segregating
lane1-s084-index-GAAGATCTATCG-SSH1,Hemolymph,SS,15RS,Segregating
lane1-s085-index-ATCGCCGCCTTG-RSH2,Hemolymph,RS,15RS,Segregating
lane1-s086-index-TAGTGTCGGATC-RSH3,Hemolymph,RS,15RS,Segregating
lane1-s087-index-TCAAGCAATACG-RSH4,Hemolymph,RS,15RS,Segregating
lane1-s088-index-AGGGAGCTTCGG-SSH2,Hemolymph,SS,15RS,Segregating
lane1-s089-index-CTGGTAAGTCCA-RSH5,Hemolymph,RS,15RS,Segregating
lane1-s090-index-GGAGGAGCAATA-RRH3,Hemolymph,RR,15RS,Segregating
lane1-s091-index-CATGAACAGTGT-RRH4,Hemolymph,RR,15RS,Segregating
lane1-s092-index-TAGGTAACCGAT-SSH3,Hemolymph,SS,15RS,Segregating
lane1-s093-index-TTCCCACCCATT-RRH5,Hemolymph,RR,15RS,Segregating
lane1-s094-index-GTCCCAGTCCCA-SSH4,Hemolymph,SS,15RS,Segregating
lane1-s095-index-AGCCAGTCATAC-RSH6,Hemolymph,RS,15RS,Segregating
lane1-s096-index-GTGTAATGTAGA-RRH6,Hemolymph,RR,15RS,Segregating
lane1-s097-index-AGCCTTCGTCGC-SSH5,Hemolymph,SS,15RS,Segregating
lane1-s098-index-TCCATACCGGAA-SSH6,Hemolymph,SS,15RS,Segregating
lane1-s099-index-AGCCCTGCTACA-RRH7,Hemolymph,RR,15RS,Segregating
lane1-s100-index-CCTAACGGTCCA-RRH8,Hemolymph,RR,15RS,Segregating
lane1-s101-index-CGCGCCTTAAAC-RRH9,Hemolymph,RR,15RS,Segregating
lane1-s102-index-TATGGTACCCAG-RSH7,Hemolymph,RS,15RS,Segregating
lane1-s103-index-TACAATATCTGT-RSH8,Hemolymph,RS,15RS,Segregating
lane1-s104-index-AATTTAGGTAGG-RRH10,Hemolymph,RR,15RS,Segregating
lane1-s105-index-GACTCAACCAGT-SSH7,Hemolymph,SS,15RS,Segregating
lane1-s106-index-ACTACTGAGGAT-RSH9,Hemolymph,RS,15RS,Segregating
lane1-s107-index-AATTCACCTCCT-RSH10,Hemolymph,RS,15RS,Segregating
lane1-s108-index-CGTATAAATGCG-RSH11,Hemolymph,RS,15RS,Segregating
lane1-s109-index-ATGCTGCAACAC-SSH8,Hemolymph,SS,15RS,Segregating
lane1-s110-index-TTCCTTAGTAGT-SSH9,Hemolymph,SS,15RS,Segregating
lane1-s111-index-CGTCCGTATGAA-RR3W,Water,RR,RR3,Fixed
lane1-s112-index-ACGTGAGGAACG-RS1W,Water,RR,RS1,Fixed
lane1-s113-index-GGTTGCCCTGTA-RR1W,Water,RR,RR1,Fixed
lane1-s114-index-CATATAGCCCGA-RR6W,Water,RR,RR6,Fixed
lane1-s115-index-CAAGTGAAGGGA-RS11W,Water,RR,RS11,Fixed
lane1-s116-index-CACGTTTATTCC-RS11DW,Water,RR,RS11D,Fixed
lane1-s117-index-TAATCGGTGCCA-RS7W,Water,RR,RS7,Fixed
lane1-s118-index-TGACTAATGGCC-6RRW,Water,RR,6RR,Fixed
lane1-s119-index-CGGGACACCCGA-RS3W,Water,RR,RS3,Fixed
lane1-s120-index-TATGCCAGAGAT-SS3W,Water,SS,SS3,Fixed
lane1-s121-index-CGTTTGGAATGA-16SSW,Water,SS,16SS,Fixed
lane1-s122-index-AAGAACTCATGA-SS5W,Water,SS,SS5,Fixed
lane1-s123-index-TGATATCGTCTT-SS4W,Water,SS,SS4,Fixed
lane1-s124-index-CGGTGACCTACT-SS1W,Water,SS,SS1,Fixed
lane1-s125-index-CTTGATTCTTGA-SS12W,Water,SS,SS12,Fixed
lane1-s126-index-GAAATCTTGAAG-20SSW,Water,SS,20SS,Fixed
lane1-s127-index-GAGATACAGTTC-SS6W,Water,SS,SS6,Segregating
lane1-s128-index-GTGGAGTCTCAT-SS2W,Water,SS,SS2,Fixed
lane1-s129-index-ACCTTACACCTT-SS11W,Water,SS,SS11,Fixed
lane1-s130-index-TAATCTCGCCGG-11SSW,Water,SS,11SS,Fixed
